,user,movieId1,movieId2,movieId3,movieId4,movieId5,movieId6,movieId7,movieId8,movieId9,movieId10,movieId11,movieId12,movieId13,movieId14,movieId15,movieId16,movieId17,movieId18,movieId19,movieId20
0,1,160573,53453,165947,123200,1987,30890,25952,6342,3834,6912,117364,6064,131749,86668,311,90384,81535,2632,66335,58975
1,2,53453,160573,123200,6912,30846,102684,58975,49917,165947,706,86668,40412,123310,126577,2632,4251,311,116138,134515,142422
2,3,6858,2623,7988,160573,72424,3834,141646,7282,153408,102602,60538,102684,31952,33132,117364,85399,40959,4580,2419,85316
3,4,160573,53453,165947,123200,1987,30890,90384,6342,25952,6912,6064,107069,117364,123310,2632,5512,118354,131749,3834,58975
4,5,53453,160573,4251,6382,1987,109971,165947,38583,311,94867,7615,2632,7345,3834,123310,123200,189111,67799,6912,40959
5,6,160573,53453,165947,123200,30890,1987,25952,6342,6912,117364,90384,3834,58975,131749,85399,311,2632,6064,107069,118354
6,7,160573,53453,165947,123200,1987,6912,6064,311,3834,90384,2632,6342,30890,58975,25952,123310,64278,117364,2790,4251
7,8,160573,53453,165947,1987,3834,123200,2632,25952,117364,85399,2481,6342,149011,6064,90384,30890,6912,58975,311,64278
8,9,53453,64278,160573,165947,49688,147328,109971,123200,123310,4384,6912,4053,81535,2632,4454,6064,26694,58975,71550,2481
9,10,160573,53453,165947,123200,1987,6912,6064,25952,2632,6342,30890,3834,64278,90384,2481,117364,123310,311,58975,131749
10,11,160573,123200,66335,81535,53453,165947,26694,30890,86668,30846,6912,58975,107069,65882,6342,43333,3064,706,1987,64278
11,12,160573,134515,30890,58975,53453,179073,107069,165947,30846,66335,81535,26694,706,49917,118354,123200,3086,86668,134041,3064
12,13,30890,107069,25952,85399,6603,160573,129011,4645,118354,69860,90384,131749,8755,134515,4243,6342,179073,65350,77,1841
13,14,160573,53453,30890,165947,123200,58975,3834,117364,85399,25952,149011,6342,8755,993,86668,6217,90384,311,66335,102684
14,15,160573,53453,165947,123200,30890,1987,25952,6342,6912,3834,117364,85399,90384,131749,107069,2632,123310,118354,6064,58975
15,16,160573,53453,165947,123200,6912,3834,1987,25952,2632,4251,6342,117364,6064,131749,2481,123310,102684,85399,311,64278
16,17,160573,53453,165947,123200,30890,1987,25952,58975,6912,6342,86668,81535,66335,26694,107069,90384,3834,311,2632,117364
17,18,160573,53453,165947,123200,1987,30890,6342,90384,25952,3834,6912,117364,311,6064,58975,2632,131749,86668,66335,123310
18,19,160573,53453,165947,123200,1987,30890,6342,90384,25952,6912,3834,117364,58975,311,6064,2632,66335,131749,107069,123310
19,20,160573,53453,165947,123200,1987,30890,25952,6342,90384,6912,311,6064,58975,117364,86668,3834,2632,107069,131749,123310
20,21,160573,53453,165947,123200,1987,30890,25952,6912,6342,3834,90384,117364,6064,311,2632,58975,131749,86668,123310,64278
21,22,53453,160573,165947,123200,30890,1987,6342,6912,107069,64278,26694,123310,159755,118354,66335,5512,90384,179073,25952,6064
22,23,160573,53453,165947,123200,1987,30890,117364,3834,6342,25952,311,90384,131749,26694,58975,38583,66335,64278,81535,136958
23,24,160573,53453,165947,123200,30890,6342,25952,1987,6912,3834,117364,131749,107069,26694,118354,90384,66335,85399,81535,179073
24,25,90384,160573,53453,1987,102684,108540,7440,123200,58975,158874,3691,311,119714,123310,2632,6827,86922,2790,165947,6064
25,26,160573,86668,25952,8617,30890,311,3323,8755,116138,123200,82366,55492,6217,7943,579,4562,129011,7730,58975,184245
26,27,160573,53453,165947,123200,30890,1987,25952,117364,86668,6342,58975,3834,311,7065,90384,107069,85399,149011,6064,65882
27,28,160573,53453,165947,123200,1987,30890,25952,3834,6912,6342,117364,311,90384,58975,6064,131749,2632,86668,85399,123310
28,29,160573,53453,165947,123200,1987,30890,25952,6064,66335,86668,81535,6342,90384,58975,107069,6912,2790,64278,26694,158783
29,30,160573,165947,117364,1987,3834,30890,85399,72424,53453,6342,90384,119714,149011,25952,130452,90245,186587,108540,110350,4053
30,31,53453,160573,165947,1987,123200,123310,311,94867,90384,109971,58975,6912,3834,117364,30890,6342,64278,3720,2632,4251
31,32,160573,53453,165947,123200,1987,30890,311,58975,90384,3834,117364,6342,25952,6912,131749,2632,6064,123310,109971,86668
32,33,160573,53453,165947,123200,1987,30890,25952,117364,90384,6342,58975,311,131749,3834,6064,6912,85399,107069,2632,179073
33,34,160573,165947,53453,123200,66335,26694,81535,6342,30890,5512,159755,6912,1987,90384,3691,107069,64278,2481,118354,136958
34,35,30890,160573,53453,179073,58975,165947,118354,6827,26694,467,107069,64278,136958,48649,7073,77177,140289,134041,3720,68848
35,36,160573,165947,123200,6342,1987,53453,130452,3834,2481,136958,117364,66335,72424,81535,25952,26694,30890,90245,6858,116505
36,37,160573,1987,53453,165947,64278,123200,30890,109971,94150,58975,55492,90384,102742,6064,117364,1117,25952,311,2632,7065
37,38,160573,53453,165947,1987,123200,30890,109971,311,90384,58975,7065,3720,64278,6382,137863,6064,158783,5512,38583,117364
38,39,160573,53453,165947,30890,123200,1987,25952,90384,117364,6342,107069,6064,85399,131749,3834,7065,86668,311,58975,8755
39,40,160573,53453,165947,123200,30890,25952,1987,3834,117364,131749,6342,85399,6912,311,90384,86668,8755,118354,107069,65882
40,41,160573,53453,165947,123200,1987,30890,6912,25952,6342,3834,117364,6064,90384,2632,131749,86668,311,123310,58975,85399
41,42,160573,53453,165947,123200,30890,1987,6342,3834,25952,117364,6912,131749,90384,311,58975,118354,85399,107069,2632,6064
42,43,160573,53453,165947,123200,30890,1987,25952,117364,311,3834,58975,6342,90384,86668,131749,107069,6912,65882,85399,118354
43,44,1987,160573,165947,123200,60303,3691,6962,90384,5512,6342,189111,2481,170401,25952,151769,6064,158783,108540,53453,5974
44,45,160573,53453,165947,123200,1987,30890,6342,25952,90384,6912,3834,117364,58975,6064,311,2632,131749,86668,123310,107069
45,46,53453,160573,30890,90384,165947,85399,58975,123200,107069,311,117364,94867,101360,118354,8755,3720,1987,123310,131749,25952
46,47,160573,53453,165947,123200,1987,6342,90384,30890,3834,117364,6912,25952,123310,2632,2481,5512,6064,85399,58975,3691
47,48,123200,160573,53453,158783,1987,7065,25952,86668,165947,116138,2790,6064,30890,65882,4251,55492,136297,30846,6020,6912
48,49,53453,160573,165947,179073,64278,30890,118354,131749,92760,98799,134041,71550,109971,85399,58975,147328,7047,26694,38583,117364
49,50,160573,53453,165947,123200,30890,1987,90384,25952,6342,6912,58975,6064,107069,2632,123310,117364,311,86668,131749,3834
50,51,160573,53453,165947,123200,1987,30890,25952,6342,90384,117364,3834,6912,6064,311,2632,131749,86668,58975,107069,85399
51,52,160573,53453,165947,123200,1987,30890,90384,6342,25952,117364,3834,6912,311,6064,2632,58975,131749,123310,86668,85399
52,53,53453,160573,6827,49917,168358,123310,94867,58975,109971,2765,4193,706,6912,134515,311,165947,179073,179817,4251,134041
53,54,30890,160573,165947,136958,8755,90384,58975,53453,169982,5334,66335,1978,4243,6342,90245,117364,993,66320,168218,26694
54,55,108540,90384,53453,6827,1987,109971,161032,123310,7440,86922,134248,66171,94867,132422,137345,162602,30890,119714,5974,160730
55,56,53453,160573,58975,30890,123200,149011,30846,85399,86668,993,706,25952,6217,165947,102684,2632,6912,4562,7730,6382
56,57,160573,53453,165947,123200,1987,30890,25952,6342,6912,3834,117364,90384,6064,2632,311,58975,86668,131749,85399,64278
57,58,160573,53453,165947,1987,123200,30890,90384,58975,311,6064,25952,6912,2632,6342,117364,123310,109971,86668,3834,64278
58,59,160573,53453,165947,123200,30890,1987,6342,3834,117364,25952,90384,6912,85399,131749,58975,26694,311,118354,107069,66335
59,60,53453,160573,311,6064,4251,4193,1987,2632,109971,111800,165947,168358,476,158783,179817,6422,121097,142422,25833,40412
60,61,160573,165947,130452,53453,3834,117364,6342,2481,186587,3648,25952,116505,72424,85399,90245,159193,170939,30890,38583,2204
61,62,160573,53453,165947,123200,1987,30890,25952,6912,6342,3834,311,90384,117364,6064,58975,86668,2632,131749,123310,4251
62,63,160573,53453,165947,123200,1987,30890,25952,6342,90384,117364,3834,6912,311,6064,58975,2632,131749,86668,107069,123310
63,64,160573,53453,165947,123200,1987,30890,25952,6342,6912,90384,3834,117364,6064,2632,311,58975,131749,123310,86668,107069
64,65,53453,160573,58975,311,165947,25952,2632,86668,6064,4193,6912,85399,134515,179073,49917,131749,1987,706,123200,134041
65,66,160573,53453,165947,123200,1987,30890,25952,6342,90384,6912,117364,58975,3834,311,6064,131749,86668,2632,107069,85399
66,67,160573,30890,53453,165947,117364,7122,168218,8755,156607,4645,38583,25952,159779,90384,31367,1662,137863,6342,107069,3323
67,68,160573,53453,165947,123200,1987,30890,25952,6912,6342,3834,311,90384,117364,6064,58975,2632,131749,86668,123310,81535
68,69,160573,123200,66335,165947,30890,103502,53453,116138,65882,3691,8755,6342,90384,159755,86668,5512,129011,27820,81535,1987
69,70,53453,160573,165947,1987,3834,311,64278,123200,38583,109971,4053,6382,117364,123310,147328,109282,94867,2632,58975,6912
70,71,160573,165947,3834,1987,117364,149011,53453,85399,25952,311,993,6382,72424,58975,30890,4562,119714,94150,2632,4053
71,72,160573,165947,53453,6858,3834,72424,7988,6342,136958,311,117364,116207,136024,81535,90384,3859,100397,107449,123200,1987
72,73,160573,53453,165947,123200,1987,30890,6912,6342,25952,3834,90384,117364,6064,2632,311,131749,58975,123310,2481,64278
73,74,160573,53453,165947,123200,1987,30890,25952,6064,6912,6342,90384,117364,3834,2632,86668,64278,158783,311,4251,2790
74,75,53453,160573,30890,165947,58975,123200,90384,1987,993,311,6342,107069,66335,109971,26694,159755,179073,706,6827,123310
75,76,53453,160573,165947,123200,1987,311,6912,30890,3834,123310,4251,58975,90384,117364,109971,94867,6342,6064,131749,2632
76,77,160573,53453,30890,311,90384,58975,146244,168218,6422,165947,1987,6382,123200,127134,56060,3720,117364,451,993,116963
77,78,53453,160573,30890,85399,165947,179073,25952,58975,107069,117364,706,90384,123200,118354,6912,6342,2632,158528,123310,131749
78,79,160573,1987,123200,165947,6064,53453,102684,2790,2632,2481,6912,25952,86668,158783,311,90384,4562,55492,3834,116138
79,80,160573,53453,165947,123200,1987,30890,90384,117364,6342,311,3834,25952,58975,6912,131749,85399,2632,6064,123310,107069
80,81,53453,1987,160573,170401,102742,109971,7065,3329,165947,158783,1117,8405,189111,6064,137345,67799,121097,26169,94150,5720
81,82,160573,53453,165947,123200,1987,30890,6342,25952,90384,3834,6912,117364,6064,311,131749,86668,2632,58975,66335,107069
82,83,160573,53453,165947,123200,1987,86668,30890,6064,25952,311,6912,58975,81535,66335,2790,90384,6342,116138,2632,30846
83,84,160573,53453,165947,123200,30890,1987,25952,6912,6342,3834,117364,90384,2632,6064,86668,58975,131749,85399,311,107069
84,85,53453,160573,137863,2725,147328,38583,88697,30890,98799,165947,5391,6382,5699,130452,109971,7047,57499,4473,114028,123200
85,86,160573,53453,165947,30890,179073,118354,131749,123200,58975,117364,311,1987,85399,107069,3834,109971,134041,25952,38583,706
86,87,25952,102684,123200,31952,2481,6386,105325,160573,69860,7730,6217,5333,6912,147326,6945,85399,6064,158783,6342,102823
87,88,160573,53453,165947,1987,311,3834,94867,4251,123310,123200,6912,117364,38583,109971,6064,131749,7988,90384,55844,2632
88,89,160573,53453,165947,123200,1987,30890,25952,6912,6342,3834,117364,6064,90384,2632,131749,311,64278,58975,123310,86668
89,90,160573,53453,165947,6912,131749,123200,81535,107449,3834,6064,4580,116207,100397,31952,4251,55844,7988,123310,2632,57526
90,91,160573,53453,165947,123200,1987,30890,6342,25952,90384,3834,117364,6912,6064,131749,311,2632,58975,86668,107069,66335
91,92,102684,53453,6912,160573,123200,5177,4251,116138,2481,31952,2632,2790,165947,123310,3834,6064,61628,55555,86668,105325
92,93,160573,53453,165947,123200,1987,30890,311,58975,3834,25952,6912,90384,117364,6342,86668,131749,2632,6064,85399,107449
93,94,53453,160573,2632,6912,86668,123200,165947,25952,311,6064,102684,4251,1987,58975,85399,4562,116138,2790,30846,149011
94,95,160573,53453,165947,123200,1987,30890,25952,6342,90384,6912,117364,6064,311,3834,86668,66335,107069,58975,131749,65882
95,96,160573,165947,53453,30890,90384,1987,123200,6342,117364,58975,25952,3834,85399,311,8755,107069,149011,131749,66335,3720
96,97,160573,53453,165947,123200,6912,116138,4251,25952,3834,131749,117364,85399,38583,86668,65882,102684,107449,6382,311,6386
97,98,160573,53453,165947,123200,1987,30890,131749,25952,311,6342,90384,58975,6912,3834,6064,118354,86668,107449,107069,117364
98,99,160573,123200,25952,102684,2481,1987,165947,6342,53453,30890,117364,149011,2790,3834,158783,86668,7065,116138,6217,90384
99,100,160573,53453,165947,123200,1987,30890,25952,6912,90384,6342,6064,117364,2632,3834,123310,85399,131749,107069,58975,4251
100,101,160573,1987,165947,53453,25952,123200,158783,86668,311,55492,6064,7065,106883,111800,116138,3323,2790,107449,4562,30890
101,102,53453,160573,6912,165947,134515,118354,123200,49917,107069,131749,179073,30890,123310,706,65882,94867,57526,4251,85399,134041
102,103,160573,53453,165947,123200,1987,30890,25952,3834,6342,117364,6912,90384,311,6064,2632,131749,58975,85399,86668,123310
103,104,160573,53453,165947,123200,1987,30890,6342,6912,25952,90384,58975,3834,6064,117364,2632,123310,64278,311,86668,107069
104,105,160573,53453,165947,123200,1987,30890,25952,6342,6912,90384,3834,117364,6064,131749,58975,2632,311,86668,107069,123310
105,106,160573,108540,1987,90384,165947,6858,5512,6962,53453,3691,119714,6342,3720,151769,60303,7390,3859,7988,7440,60538
106,107,160573,6858,165947,6342,5512,90384,53453,27683,100397,7114,153408,3691,3834,117364,3859,2331,159755,30890,6962,3720
107,108,160573,1987,53453,165947,123200,90384,311,30890,6064,6342,25952,58975,117364,2790,158783,3720,5512,2632,3834,7065
108,109,160573,53453,165947,123200,30890,1987,6342,25952,6912,90384,117364,3834,85399,107069,131749,123310,118354,58975,6064,2632
109,110,160573,53453,165947,123200,30890,25952,6217,86668,65882,3834,81535,66335,7730,8755,6342,116138,117364,85399,26694,6912
110,111,160573,53453,1987,30890,25952,117364,6342,3834,90384,311,6912,58975,131749,6064,86668,2632,85399,107069,118354,123310
111,112,160573,53453,165947,123200,3834,6912,25952,131749,117364,81535,6342,2481,102684,116138,6386,85399,86668,107449,31952,4251
112,113,160573,53453,165947,123200,1987,30890,25952,6912,117364,85399,90384,4251,2632,6064,3834,311,6342,123310,86668,58975
113,114,123200,134515,53453,49917,107069,135216,159755,6720,66335,27820,30890,65882,61210,6912,132335,159811,6020,160573,5826,101360
114,115,160573,53453,165947,123200,30890,1987,25952,6912,6342,6064,107069,86668,117364,90384,131749,3834,65882,118354,2632,58975
115,116,160573,53453,165947,30890,123200,311,3834,90384,58975,1987,117364,6342,131749,66335,8755,136958,107449,3720,118354,25952
116,117,160573,53453,165947,123200,1987,30890,25952,6342,6912,90384,6064,86668,117364,3834,311,58975,2632,107069,131749,66335
117,118,66320,136958,6858,107565,165947,160573,116207,143511,6667,72424,26694,92760,116505,143257,5112,6527,54121,136024,118354,131749
118,119,160573,53453,165947,123200,1987,30890,25952,6912,6342,3834,117364,90384,131749,311,6064,58975,2632,85399,86668,123310
119,120,31952,160573,102684,116138,123200,6912,2481,53453,6064,165947,2790,158783,1987,85316,182297,50158,107449,4251,2632,311
120,121,160573,53453,102684,165947,2632,123200,1987,6064,6912,311,2790,86668,25952,58975,4562,2481,4251,90384,3834,31952
121,122,160573,53453,165947,123200,1987,30890,6342,90384,25952,6912,3834,117364,311,6064,58975,131749,2632,86668,123310,107069
122,123,160573,53453,30890,165947,1987,90384,311,123200,117364,25952,8755,58975,131749,85399,107069,3720,118354,107449,3323,6342
123,124,160573,53453,165947,90384,311,30890,3720,1987,117364,3859,58975,94867,3834,146244,123200,5512,38583,6422,6342,6382
124,125,160573,53453,165947,123200,1987,30890,6912,6342,6064,90384,25952,64278,2632,3834,123310,117364,311,58975,107069,5512
125,126,30890,160573,6342,8755,66335,107069,25952,165947,90384,4243,123200,129011,136958,110350,169982,26694,118354,66320,1978,5334
126,127,57526,25952,8771,65350,6604,189111,170939,53453,6912,4371,4251,86960,113862,170401,32302,104245,184053,6064,25797,4397
127,128,160573,53453,123200,81535,165947,158783,116138,57526,172705,6912,86668,4251,7065,6064,25952,64278,65882,4198,98799,27473
128,129,160573,53453,165947,123200,30890,1987,25952,6342,6912,90384,117364,3834,2632,6064,85399,107069,58975,123310,131749,118354
129,130,53453,6064,57526,158783,123200,4251,49917,160573,134515,4193,6912,1987,86668,25952,6020,64278,4278,7065,2790,2632
130,131,160573,53453,123200,165947,25952,6912,6342,2481,30890,6064,131749,81535,1987,86668,107069,66335,26694,65882,3834,4251
131,132,160573,53453,165947,123200,1987,30890,6342,25952,90384,3834,117364,6912,311,6064,58975,131749,2632,123310,107069,85399
132,133,30890,134515,160573,107069,53453,123200,58975,179073,49917,1987,30846,165947,55492,3086,86668,66335,25952,4193,118354,6064
133,134,160573,53453,165947,136958,6596,66320,107565,98799,6527,179073,72424,3834,92760,131749,311,58975,117364,30890,156607,38583
134,135,160573,53453,165947,123200,1987,30890,90384,6342,25952,117364,311,3834,6912,58975,6064,2632,131749,123310,86668,107069
135,136,160573,53453,165947,1987,123200,25952,311,117364,30890,3834,6064,90384,131749,6342,6912,2632,158783,86668,4251,111800
136,137,160573,53453,165947,123200,1987,25952,30890,117364,6342,3834,6912,6064,85399,90384,131749,2632,86668,4251,2481,7065
137,138,160573,1987,40959,75389,108540,311,74342,53453,149144,60303,90384,165947,3400,175401,33132,170401,173209,6962,6643,117364
138,139,160573,53453,165947,123200,1987,6912,30890,90384,311,6342,6064,58975,3834,123310,25952,2632,131749,117364,86668,4251
139,140,160573,53453,165947,123200,1987,30890,25952,6342,90384,117364,3834,6912,6064,2632,311,58975,131749,85399,86668,107069
140,141,160573,53453,165947,123200,1987,30890,25952,6912,6342,6064,3834,117364,90384,2632,131749,311,86668,58975,107069,85399
141,142,53453,160573,165947,137863,38583,123200,98799,1987,102742,30890,6382,130452,64278,114028,109971,7065,5391,88697,147328,2725
142,143,160573,165947,123200,53453,81535,1987,2481,64278,130452,170939,2790,3834,158783,6912,6064,2632,5629,26694,66335,25952
143,144,160573,53453,165947,123200,1987,30890,25952,6342,6912,3834,117364,90384,2632,6064,85399,311,58975,123310,2481,64278
144,145,160573,165947,1987,53453,170401,5512,100397,6962,75389,6858,6342,111800,117364,60303,90384,106883,8667,3834,189111,3720
145,146,53453,30890,160573,6827,159755,107069,57499,101360,118354,68848,123200,179073,51884,2765,94867,90384,165947,58975,706,135216
146,147,107565,136958,25952,81535,6667,27762,6527,26694,165947,2481,66320,159193,6217,170939,7730,103755,160573,92760,129011,69860
147,148,160573,25952,165947,53453,30890,179073,131749,123200,55492,107069,1987,86668,8755,85399,7730,106883,6527,6064,3323,6217
148,149,123200,160573,1987,3691,90384,165947,53453,2790,6342,5512,151769,158783,2481,6064,158874,6962,66335,60303,108540,30890
149,150,1987,110350,1264,5512,165947,160573,26347,66335,30890,123200,130452,7940,2331,6889,26694,159755,2172,6342,6982,77233
150,151,160573,123200,53453,165947,81535,1987,66335,158783,116138,86668,6912,6064,26694,2790,64278,65882,25952,30890,2481,7065
151,152,53453,160573,165947,30890,123200,26694,81535,64278,6912,179073,25952,66335,706,6342,107069,147328,58975,118354,85399,3834
152,153,53453,160573,165947,30890,123200,1987,90384,58975,6912,6342,123310,107069,2632,179073,25952,118354,6064,64278,85399,117364
153,154,160573,311,1987,165947,53453,3720,58975,90384,4710,168358,6422,158874,111800,107449,3859,5512,168174,336,41627,6962
154,155,53453,81535,64278,26694,6912,160573,165947,7047,1656,49688,123200,147328,107159,57526,80094,43333,115727,179073,66335,706
155,156,160573,53453,165947,123200,1987,30890,25952,6342,3834,90384,117364,6912,311,6064,2632,58975,86668,131749,85399,123310
156,157,30890,66335,167634,110350,159755,6342,26694,3691,130083,107069,90384,123200,77427,4243,5334,26347,30848,69495,5512,2331
157,158,160573,311,6422,146244,82366,53453,116138,78264,6382,58975,66240,126577,2512,91386,27426,5938,94919,993,142444,169904
158,159,160573,53453,165947,30890,123200,25952,26694,131749,6342,179073,118354,107069,117364,136958,3834,81535,85399,1987,6912,66335
159,160,160573,53453,165947,123200,30890,6912,1987,25952,6342,131749,107069,118354,90384,3834,117364,6064,26694,66335,123310,179073
160,161,160573,31952,6064,53453,165947,6912,123200,86668,116138,129011,158783,107449,50158,111800,81535,131749,33124,2790,1987,128097
161,162,160573,53453,123200,158783,6064,165947,57526,81535,86668,1987,64278,6912,4193,4251,25952,49917,116138,7065,2790,134515
162,163,159755,66335,6342,105325,3691,123200,30890,85025,189713,53453,160573,102684,60363,90384,4129,2331,69495,27683,26694,165947
163,164,160573,165947,53453,2331,6342,6858,90384,5512,130452,72424,3834,1987,117364,159755,116505,90245,3859,4617,3720,123200
164,165,160573,53453,165947,123200,6342,3834,6912,2481,102684,25952,117364,30890,66335,130452,116138,85399,105325,81535,65882,26694
165,166,160573,53453,165947,123200,1987,30890,6342,6912,25952,90384,3834,117364,6064,311,58975,2632,86668,131749,123310,107069
166,167,160573,53453,165947,123200,1987,30890,25952,6342,6912,90384,58975,117364,3834,6064,131749,311,2632,107069,64278,86668
167,168,160573,53453,165947,123200,1987,30890,6342,25952,90384,6912,3834,66335,117364,6064,86668,58975,2632,81535,2481,311
168,169,160573,53453,165947,123200,1987,30890,25952,3834,6342,117364,90384,6912,311,2632,85399,6064,58975,131749,86668,149011
169,170,1987,108540,160573,90384,165947,53453,123200,2632,3691,2481,6064,119714,6342,6912,7440,102684,123310,2790,60303,160730
170,171,160573,53453,165947,123200,1987,3834,6912,116138,311,25952,86668,6342,81535,6064,117364,4251,30890,131749,2632,2481
171,172,8617,25952,86668,116138,7065,160573,6217,158783,7730,6119,123200,61348,65882,579,35807,61289,72601,3323,7943,6945
172,173,53453,179073,160573,123310,30890,4384,165947,71550,94867,118354,64278,107069,90384,162602,116668,6912,6827,57499,6342,26965
173,174,160573,53453,165947,30890,1987,123200,85399,58975,90384,25952,311,117364,109971,6382,2632,149011,3834,94867,107069,4251
174,175,6596,72424,73488,136958,130452,38583,160573,90245,98799,6527,117364,30890,88697,107565,3834,6163,182293,159779,137863,54
175,176,53453,160573,165947,123200,38583,159755,3834,94867,123310,6912,6342,130452,137863,43333,147328,66335,26694,81535,117364,118354
176,177,160573,53453,165947,123200,1987,30890,90384,6342,25952,3834,117364,311,6912,58975,6064,2632,131749,86668,123310,107069
177,178,160573,53453,165947,123200,30890,1987,131749,25952,117364,6342,6912,3834,118354,85399,90384,107069,123310,179073,6064,94867
178,179,160573,53453,165947,1987,25952,2632,58975,64278,30890,85399,123200,6912,3834,179073,6064,117364,149011,311,71550,131749
179,180,30890,160573,165947,3720,5512,1987,1978,136958,90384,26347,151687,66320,107069,27155,66335,106883,110350,4243,53453,8755
180,181,160573,53453,165947,1987,123200,311,3834,117364,30890,58975,90384,25952,2632,6912,6342,6064,85399,131749,6382,109971
181,182,160573,53453,165947,123200,1987,30890,6342,25952,6912,3834,117364,90384,58975,311,6064,2632,86668,81535,64278,131749
182,183,160573,165947,53453,3834,123200,72424,2481,38583,130452,116138,1987,117364,102684,81535,6342,311,6858,137863,6382,6912
183,184,160573,53453,165947,1987,123200,90384,6342,3834,30890,6912,6064,25952,117364,2632,311,131749,58975,123310,85399,2481
184,185,160573,53453,25952,165947,1987,311,123200,86668,85399,102684,30890,6064,107449,2632,131749,90384,117364,58975,116138,4562
185,186,160573,53453,165947,123200,1987,30890,25952,6342,6912,3834,117364,90384,6064,311,58975,86668,2632,131749,107069,85399
186,187,160573,53453,165947,123200,30890,1987,6342,25952,3834,117364,90384,58975,311,6912,131749,86668,85399,2632,107069,6064
187,188,160573,53453,123200,102684,311,1987,165947,116138,6064,2790,2632,86668,6912,4251,158783,4562,55555,126577,25952,3834
188,189,1987,160573,151687,30890,55492,106883,165947,90384,3329,3720,27155,95475,168218,5512,158874,30848,92234,6962,48326,110350
189,190,160573,53453,165947,123200,311,1987,3834,38583,6382,117364,4251,30890,94867,116138,109971,90384,6912,58975,123310,131749
190,191,160573,53453,165947,123200,1987,30890,25952,6912,86668,6064,81535,6342,64278,2632,66335,58975,26694,3834,2790,4251
191,192,160573,102684,123200,31952,90384,165947,53453,66335,103502,3691,6342,107449,105325,3859,2462,54785,129011,116138,50158,182297
192,193,160573,53453,116138,165947,123200,129011,86668,25952,156607,8617,6386,81535,3834,107449,3323,6217,131749,31952,65882,50158
193,194,66335,130452,123200,116138,160573,141718,102684,72424,31952,4436,3834,2481,8987,6342,5927,81535,165947,6667,136958,137863
194,195,160573,53453,165947,123200,30890,6342,1987,117364,3834,90384,25952,6912,85399,131749,118354,2632,123310,107069,58975,311
195,196,53453,160573,165947,159755,123200,5512,147328,57499,130452,137863,38583,64278,2331,26694,43333,1987,88697,98799,3720,66335
196,197,160573,53453,102684,6858,31952,7988,107449,116207,165947,311,168358,6912,3834,2419,85316,182297,131749,55844,136024,4580
197,198,160573,53453,165947,123200,1987,25952,30890,6912,6064,6342,131749,2632,3834,90384,311,86668,117364,58975,64278,123310
198,199,160573,53453,165947,123200,1987,25952,30890,6912,3834,117364,6342,90384,6064,131749,2632,85399,311,86668,4251,123310
199,200,160573,53453,165947,123200,1987,30890,6342,90384,25952,3834,6912,117364,311,58975,6064,2632,131749,123310,86668,85399
200,201,160573,53453,165947,123200,1987,30890,6342,90384,25952,6912,6064,117364,107069,3834,123310,5512,64278,2632,66335,86668
201,202,160573,53453,165947,123200,1987,30890,25952,6342,6912,117364,90384,6064,131749,2632,86668,311,85399,107069,58975,118354
202,203,53453,160573,4251,165947,123200,1987,311,116138,6064,158783,6912,109971,126577,2632,86668,2790,6382,123310,6422,4193
203,204,160573,53453,165947,123200,311,58975,6912,85399,30890,1987,86668,25952,3834,131749,4251,117364,2632,102684,116138,90384
204,205,53453,123200,58975,1987,30890,160573,111817,6827,30846,154358,109971,64278,132422,993,158874,90384,107069,3855,165947,136297
205,206,53453,160573,6827,58975,154358,168358,123200,165947,68848,159755,126577,49917,123310,311,2765,30890,4622,90384,30846,3720
206,207,6217,7730,182293,86668,25952,58078,4323,6044,993,149011,30846,6945,26729,61289,6527,2295,30890,3129,85399,72601
207,208,7065,25952,158783,123200,6119,3492,170401,5720,160573,6020,3125,65882,116138,7730,6217,102742,3171,7636,8617,86668
208,209,108540,1987,160573,53453,119714,165947,60303,189111,2632,117364,3400,6643,3834,40959,90384,2481,85399,102684,94150,6064
209,210,160573,53453,165947,123200,1987,30890,90384,311,6912,25952,58975,6342,86668,102684,3834,6064,2632,117364,131749,107449
210,211,160573,53453,165947,123200,1987,3834,6342,117364,30890,90384,311,25952,2481,66335,130452,6912,38583,149011,102684,58975
211,212,160573,53453,165947,123200,1987,30890,311,90384,25952,58975,6912,3834,117364,6342,131749,2632,6064,85399,123310,86668
212,213,160573,53453,165947,123200,3834,1987,6912,38583,117364,116138,4251,311,6382,6342,81535,2481,25952,2632,137863,130452
213,214,30890,179073,160573,53453,159193,165947,6596,6527,92760,25952,85399,151687,7636,118354,107069,174681,110350,30848,117364,26694
214,215,160573,53453,165947,123200,25952,30890,85399,1987,86668,3834,311,58975,117364,131749,6912,2632,149011,6342,90384,8755
215,216,160573,53453,165947,123200,1987,30890,25952,6912,6064,6342,86668,117364,90384,107069,131749,3834,2632,4251,65882,123310
216,217,160573,53453,165947,123200,1987,30890,25952,6912,6342,3834,117364,6064,90384,86668,131749,2632,311,58975,81535,64278
217,218,6827,53453,64278,154358,58975,1987,123200,160573,109971,49688,57499,111817,132422,165947,86922,159755,152083,123310,158874,5311
218,219,160573,53453,165947,123200,1987,30890,25952,6342,90384,6912,117364,3834,6064,2632,311,58975,131749,86668,107069,85399
219,220,160573,53453,165947,123200,30890,1987,90384,6342,25952,117364,6912,3834,58975,107069,311,6064,123310,2632,131749,85399
220,221,160573,53453,165947,123200,1987,30890,25952,6342,3834,6912,117364,90384,6064,2632,86668,311,131749,58975,85399,107069
221,222,160573,53453,165947,123200,1987,3834,25952,311,117364,6912,30890,131749,2632,6064,6342,85399,58975,90384,86668,4251
222,223,160573,53453,165947,123200,25952,30890,86668,3834,6342,66335,116138,102684,6912,65882,8755,131749,81535,117364,6217,107449
223,224,160573,53453,165947,131749,85399,3834,117364,72424,100397,92760,38583,118354,116207,4800,179073,25952,113862,6527,30890,136024
224,225,160573,53453,165947,30890,123200,1987,25952,85399,117364,90384,6342,107069,131749,6912,6064,3834,4251,2632,311,86668
225,226,160573,53453,165947,123200,1987,30890,25952,6342,6912,90384,3834,117364,6064,2632,311,131749,58975,86668,123310,107069
226,227,160573,53453,123200,165947,30890,1987,25952,86668,58975,311,90384,107069,117364,65882,7065,6342,6064,116138,8755,149011
227,228,53453,6912,6064,4251,2632,108192,1987,116724,123310,4193,64278,68536,2481,160573,109971,137345,2790,189111,108540,71550
228,229,53453,160573,165947,30890,123200,179073,6912,706,85399,25952,58975,107069,118354,86668,123310,2632,131749,134041,6342,65882
229,230,160573,53453,165947,123200,1987,6912,6064,311,2632,25952,3834,58975,86668,64278,30890,6342,81535,2790,90384,131749
230,231,30890,107069,66335,167634,26694,110350,30848,8755,159193,25952,7730,4243,179073,123200,6342,6527,5334,6217,69495,4403
231,232,160573,53453,165947,123200,1987,30890,25952,6342,6912,117364,90384,3834,6064,58975,2632,86668,131749,311,107069,85399
232,233,160573,53453,165947,123200,3834,1987,30890,117364,6342,25952,6912,311,90384,58975,85399,131749,2632,149011,38583,26694
233,234,160573,53453,165947,123200,1987,30890,25952,6912,86668,6064,6342,2632,3834,58975,311,117364,4251,90384,131749,107069
234,235,30890,53453,160573,179073,165947,107069,90384,58975,1987,118354,64278,123200,6342,71550,123310,85399,6827,109971,25952,26694
235,236,53453,6912,7047,102684,107159,134515,85399,4251,49917,706,160573,123310,123200,131749,7730,57526,25952,6217,94867,2481
236,237,160573,53453,165947,1987,123200,64278,30890,25952,6064,26694,6912,81535,179073,6342,2632,109971,107069,71550,58975,158783
237,238,1987,30890,160573,25952,123200,55492,165947,110350,90384,106883,6342,5512,6064,151687,107069,66335,3691,27155,8755,2037
238,239,160573,53453,165947,123200,1987,30890,25952,6342,90384,6912,117364,3834,6064,311,58975,2632,131749,86668,107069,123310
239,240,160573,53453,165947,123200,30890,1987,6342,25952,6912,117364,3834,90384,85399,131749,107069,2632,66335,26694,6064,58975
240,241,53453,160573,165947,30890,123200,64278,179073,26694,107069,118354,1987,6912,6342,123310,706,81535,66335,131749,25952,58975
241,242,30890,186587,6342,85399,69860,117364,160573,165947,3648,25952,130452,90245,3834,159193,110350,174681,6527,5112,3393,90384
242,243,160573,123200,53453,165947,130452,137863,1987,116138,66335,81535,158783,38583,7065,6342,2481,43333,2172,102742,3834,88697
243,244,160573,53453,165947,123200,1987,30890,6342,6912,66335,26694,81535,3834,64278,130452,117364,25952,159755,90384,2481,123310
244,245,7073,147328,49688,109282,50954,64278,53453,3103,152083,183199,467,100226,6827,168358,57772,75446,58975,5311,155168,116505
245,246,160573,53453,165947,123200,1987,30890,6342,25952,90384,3834,6912,117364,6064,311,86668,66335,58975,2632,131749,107069
246,247,160573,53453,165947,123200,30890,1987,25952,6342,3834,117364,90384,6912,58975,311,131749,85399,2632,86668,6064,107069
247,248,160573,165947,123200,53453,1987,25952,2481,6064,86668,158783,6912,81535,3834,2790,6342,2632,116138,30890,117364,7065
248,249,160573,53453,165947,123200,1987,30890,25952,6342,90384,6912,117364,3834,6064,311,131749,58975,2632,86668,107069,123310
249,250,160573,3834,72424,53453,165947,117364,85399,6858,119714,136024,6342,138186,130452,90384,186587,30890,2204,90245,116505,109282
250,251,30890,53453,160573,58975,993,123200,706,85399,30846,149011,107069,165947,6217,467,65882,6204,66335,179073,8755,48649
251,252,53453,160573,58975,165947,123200,1987,311,109971,123310,6912,64278,6827,30890,2632,706,30846,90384,4193,179073,179817
252,253,160573,53453,165947,30890,25952,117364,3834,85399,123200,6527,136958,6596,131749,38583,6217,8755,98799,6342,26694,6382
253,254,160573,53453,165947,123200,1987,30890,25952,6342,6912,90384,117364,3834,6064,2632,2481,85399,123310,4251,86668,2790
254,255,123200,160573,53453,3691,1987,159755,66335,165947,90384,5512,6342,2790,30890,151769,5629,6912,2481,123310,7440,132422
255,256,160573,53453,165947,123200,30890,1987,90384,6342,117364,25952,3834,58975,311,6912,66335,131749,107069,2632,6064,86668
256,257,160573,311,55492,1987,165947,58975,7749,184245,6064,78034,111800,48326,168358,7050,2632,4562,1526,106883,4193,336
257,258,30890,137863,160573,130452,88697,66335,69495,123200,182293,98799,53453,26694,136958,51705,43333,165947,6596,90245,159755,65882
258,259,160573,311,3329,53453,6596,1987,165947,3235,102742,156607,117511,6382,58975,112497,31123,30890,7636,55492,3323,117364
259,260,160573,53453,165947,123200,30890,1987,25952,90384,6342,6064,107069,6912,117364,86668,131749,58975,2632,85399,311,118354
260,261,160573,53453,6064,1987,165947,6912,2632,123200,4193,64278,86668,311,2790,57526,4251,58975,158783,179817,123310,71550
261,262,160573,123200,66335,53453,165947,30890,107069,6912,81535,134515,26694,6342,118354,49917,159755,65882,135216,105325,131749,90384
262,263,160573,53453,165947,123200,1987,30890,25952,6912,90384,6342,6064,117364,3834,2632,311,123310,131749,4251,58975,85399
263,264,160573,165947,1987,30890,58975,136958,55492,26694,993,53453,66335,81535,64278,110350,90384,7749,311,151687,123200,126482
264,265,160573,53453,165947,123200,1987,30890,25952,6342,6912,3834,117364,90384,2632,6064,85399,86668,2481,131749,58975,107069
265,266,160573,53453,165947,123200,30890,1987,90384,25952,6342,117364,3834,66335,107069,58975,6064,86668,8755,311,5512,6912
266,267,160573,53453,165947,30890,25952,117364,85399,38583,3834,123200,131749,137863,6382,8755,6342,65882,7065,6527,156607,107069
267,268,160573,53453,165947,123200,25952,30890,6912,6342,85399,107069,1987,86668,117364,131749,3834,6064,4251,65882,2632,706
268,269,6217,7730,65882,116138,8617,30890,123200,25952,66335,160573,8755,6386,5333,129011,6527,136958,73488,107565,94931,137863
269,270,6912,123200,2481,53453,25952,160573,6064,4251,102684,158783,165947,2632,2790,189111,170939,86668,57526,60943,116138,1987
270,271,160573,53453,6912,134515,6064,165947,49917,81535,123200,86668,4193,57526,30846,2632,40412,131749,706,64278,3086,179817
271,272,58975,160573,119714,53453,1987,2632,108540,102684,4562,311,993,149011,90384,165947,123200,2521,160730,2790,7440,30846
272,273,53453,160573,123200,165947,6912,102684,2481,3834,116138,4251,6342,81535,1987,123310,130452,2632,2790,66335,38583,117364
273,274,160573,53453,165947,123200,1987,30890,25952,6342,90384,6912,117364,3834,6064,131749,311,58975,2632,107069,86668,118354
274,275,160573,53453,165947,123200,1987,30890,25952,6342,117364,3834,90384,6912,131749,6064,85399,311,86668,2632,107069,58975
275,276,160573,165947,53453,66335,123200,81535,1987,6342,136958,26694,90384,3834,5512,311,58975,2331,30890,6667,130452,159755
276,277,30890,90384,4243,30848,4645,85399,7440,107069,6342,174681,169982,160573,8755,69860,117364,6603,25952,86068,119714,5334
277,278,53453,30890,26694,179073,159755,7047,118354,147328,107069,7742,160573,69495,51884,4284,467,130452,66335,165947,7073,43333
278,279,160573,53453,165947,123200,1987,30890,3834,117364,311,6342,25952,90384,6912,58975,2632,6064,86668,131749,85399,149011
279,280,160573,53453,165947,123200,1987,30890,6912,90384,6342,25952,58975,6064,3834,117364,2632,311,123310,131749,85399,107069
280,281,6382,109282,38583,2725,160573,53453,311,182293,993,78264,6596,6797,59037,46855,7615,58975,94150,175401,149011,160400
281,282,160573,53453,165947,123200,1987,30890,6342,90384,3834,6912,25952,311,117364,6064,58975,2632,131749,123310,86668,64278
282,283,6858,160573,165947,90384,3859,31952,6342,102684,3834,3691,5512,7988,27683,7390,1987,66335,107449,72424,60538,2481
283,284,160573,53453,165947,123200,25952,30890,1987,86668,3834,311,116138,117364,58975,149011,6342,65882,8755,81535,7065,6217
284,285,6217,25952,7730,86668,102684,149011,58078,6945,182299,69860,85399,55492,4323,30846,2632,993,4562,58975,160573,4945
285,286,160573,53453,165947,1987,123200,30890,25952,90384,3834,6342,117364,2632,58975,6912,311,6064,85399,131749,149011,123310
286,287,160573,53453,165947,123200,81535,1987,6912,311,86668,58975,30890,66335,26694,3834,25952,6064,64278,131749,6342,2632
287,288,160573,53453,165947,123200,1987,30890,25952,6342,90384,3834,6912,117364,311,6064,58975,86668,2632,131749,66335,107069
288,289,53453,108540,7615,160573,38583,6382,25773,109971,94867,5345,160848,109282,40959,119714,7345,3295,189111,4251,72479,137345
289,290,160573,53453,165947,123200,1987,30890,25952,6912,6342,117364,90384,3834,6064,2632,58975,85399,311,131749,123310,86668
290,291,160573,30890,8755,165947,136958,53453,123200,3323,66335,117364,90384,6342,168218,25952,6596,4243,1978,169982,65882,156607
291,292,160573,53453,165947,123200,1987,30890,25952,6342,6912,3834,117364,90384,6064,2632,58975,131749,311,85399,86668,123310
292,293,66320,107565,129011,136958,6667,6858,69860,31952,6527,6386,1659,3393,131749,158882,92760,93139,8402,6342,5112,5333
293,294,160573,53453,165947,123200,1987,30890,6342,25952,90384,6912,3834,117364,6064,131749,311,66335,5512,107069,86668,2632
294,295,160573,30890,53453,123200,165947,66335,107069,58975,65882,26694,1987,86668,30846,993,8755,179073,706,159755,25952,81535
295,296,25952,160573,129011,106883,165947,31952,131749,3323,66320,103755,1987,111800,6342,6386,50158,8667,4164,107565,123200,136958
296,297,160573,53453,123200,165947,81535,137863,66335,130452,26694,43333,98799,159755,1987,64278,4454,5512,172705,38583,65882,2172
297,298,160573,53453,165947,123200,1987,30890,6342,90384,25952,3834,117364,6912,311,58975,6064,2632,131749,86668,123310,107069
298,299,6912,2481,53453,107159,64278,81535,4251,6612,102684,2632,49688,123200,80094,60943,58492,34143,6480,5391,170939,6442
299,300,30890,53453,160573,137863,165947,88697,130452,123200,110350,69495,1987,102742,26347,168218,90245,6342,7636,38583,7065,3648
300,301,160573,53453,165947,123200,1987,6342,6912,30890,90384,2481,3834,117364,123310,25952,159755,5512,3691,66335,6064,2632
301,302,53453,160573,165947,30890,109971,58975,94867,38583,6382,117364,85399,179073,2725,90384,118354,311,6827,147328,123310,3834
302,303,53453,160573,1987,165947,64278,123200,109971,6064,30890,123310,71550,179073,5512,4193,6912,90384,107069,57499,162602,57526
303,304,160573,53453,165947,123200,1987,30890,90384,25952,6342,311,6064,58975,6912,117364,3834,2632,86668,123310,131749,107069
304,305,160573,53453,165947,123200,1987,30890,25952,6342,6912,90384,117364,3834,6064,131749,311,58975,107069,86668,2632,123310
305,306,160573,53453,165947,123200,1987,311,30890,3834,6342,90384,117364,81535,58975,66335,5512,3720,38583,25952,86668,26694
306,307,160573,53453,165947,123200,1987,30890,25952,6912,6342,3834,117364,6064,90384,311,2632,86668,131749,58975,4251,123310
307,308,160573,53453,165947,1987,123200,30890,90384,6342,5512,58975,311,3720,117364,3834,6064,66335,109971,64278,123310,25952
308,309,160573,165947,53453,123200,1987,30890,66335,6342,90384,81535,5512,26694,25952,58975,6064,6912,311,3834,107069,3720
309,310,53453,160573,85399,6912,25952,165947,131749,123200,179073,30890,4251,107069,118354,117364,706,69860,6342,3834,2632,57526
310,311,1987,53453,160573,109971,94150,1117,64278,108540,26169,46855,137345,7615,102742,189111,165947,121097,6643,3106,67799,130498
311,312,160573,53453,165947,123200,1987,30890,25952,6342,90384,6912,6064,66335,86668,3834,117364,58975,107069,311,81535,2632
312,313,160573,53453,165947,123200,1987,30890,25952,6912,6342,6064,3834,117364,131749,90384,86668,2632,311,107069,85399,58975
313,314,160573,53453,165947,123200,30890,90384,1987,25952,6342,117364,58975,107069,85399,6912,86668,3834,311,102684,131749,8755
314,315,53453,30890,160573,107069,179073,25952,165947,123200,118354,168218,134515,65882,101360,8755,7065,85399,1987,48649,134041,30848
315,316,160573,53453,58975,165947,311,123200,168358,30890,30846,90384,49917,6827,126577,107449,154358,86668,107069,40412,66335,134515
316,317,160573,53453,165947,123200,1987,30890,90384,6342,6912,25952,6064,117364,3834,2632,123310,311,131749,58975,5512,107069
317,318,160573,53453,165947,123200,1987,30890,25952,6912,6342,90384,3834,6064,58975,311,2632,131749,86668,123310,107069,64278
318,319,30890,160573,165947,90384,136958,3720,1987,5512,1978,66320,8755,66335,107069,26694,4243,26347,6342,5334,58975,53453
319,320,160573,53453,58975,85399,165947,30890,1987,311,2632,149011,117364,119714,90384,109971,25952,993,78620,4562,179073,55492
320,321,160573,165947,90384,6342,6858,30890,53453,3834,1987,117364,5512,3859,119714,58975,123200,85399,3720,116207,136958,66335
321,322,160573,53453,165947,1987,123200,30890,25952,6342,90384,117364,6064,3834,64278,5512,26694,66335,311,81535,6912,158783
322,323,160573,53453,165947,123200,1987,30890,6342,117364,3834,64278,6912,25952,90384,123310,131749,26694,38583,118354,6064,5512
323,324,134515,107069,30890,118834,4284,6549,66335,26694,135216,121338,1656,167634,51884,2037,179073,7616,7742,80094,5532,79501
324,325,160573,53453,165947,123200,1987,30890,25952,6912,58975,90384,6064,311,6342,2632,86668,3834,117364,131749,123310,107069
325,326,160573,53453,165947,123200,1987,30890,25952,6342,6064,6912,117364,86668,3834,90384,311,131749,2632,58975,107069,85399
326,327,160573,53453,165947,123200,25952,149011,3834,1987,2632,85399,2481,117364,6912,6217,6382,86668,4251,993,102684,7065
327,328,160573,53453,165947,123200,1987,30890,25952,6342,6912,3834,117364,90384,6064,311,86668,2632,58975,131749,107069,81535
328,329,53453,58975,311,160573,109971,142422,4562,30846,49688,64278,2632,82366,4251,86668,40412,993,27426,148166,126577,6382
329,330,160573,53453,165947,123200,1987,30890,25952,6342,6912,90384,3834,117364,6064,311,131749,58975,2632,86668,107069,85399
330,331,160573,53453,165947,123200,1987,30890,6342,90384,3834,25952,117364,6912,2632,311,6064,58975,131749,85399,123310,2481
331,332,160573,53453,165947,123200,1987,30890,25952,6342,6912,3834,117364,90384,6064,2632,86668,85399,311,131749,58975,107069
332,333,62008,7984,53453,27075,7047,4581,147328,72424,2204,107159,38583,130452,109282,7345,109968,136024,3851,69140,184349,87960
333,334,160573,53453,165947,123200,30890,1987,25952,6342,90384,117364,3834,6912,86668,6064,311,107069,58975,85399,2632,131749
334,335,123200,160573,66335,3691,134515,107069,103502,53453,5512,27820,30890,165947,1987,6064,5826,49917,68552,151311,33124,6510
335,336,160573,53453,102684,123200,165947,90384,31952,6912,6342,107449,66335,105325,3691,103502,123310,6858,55844,3834,30890,50158
336,337,160573,53453,165947,123200,30890,1987,25952,6342,66335,8755,107069,117364,65882,131749,86668,90384,3834,3323,106883,5512
337,338,88697,159755,30890,130452,44241,69495,119714,2331,147328,2521,138186,66335,179815,467,160730,8043,4617,90245,6342,3648
338,339,160573,53453,165947,123200,1987,30890,25952,6342,6912,3834,90384,117364,6064,311,2632,58975,131749,85399,123310,86668
339,340,160573,165947,72424,3834,53453,6858,117364,1987,7988,38583,136024,102602,2481,4053,311,130452,2204,60538,6342,75389
340,341,160573,165947,53453,123200,30890,1987,6342,25952,117364,90384,5512,26347,7065,170401,110350,137863,66335,90245,3834,130452
341,342,30890,160573,53453,25952,165947,123200,58975,1987,85399,90384,6342,149011,107069,55492,2632,993,117364,179073,86668,8755
342,343,160573,165947,53453,30890,311,58975,1987,136958,117364,3834,90384,8755,993,149011,6342,3323,25952,123200,85399,131749
343,344,160573,53453,165947,30890,123200,6342,25952,117364,85399,1987,90384,3834,6912,107069,118354,131749,26694,179073,58975,2632
344,345,160573,53453,165947,123200,30890,6342,159755,65882,107069,66335,118354,117364,137863,38583,5512,1987,3834,6912,26694,90384
345,346,160573,53453,165947,123200,1987,30890,25952,6342,6912,90384,6064,3834,117364,86668,66335,64278,2632,311,81535,107069
346,347,160573,53453,165947,6342,123200,30890,159755,66335,90384,5512,3834,6912,118354,6858,26694,131749,117364,123310,4129,116207
347,348,160573,53453,165947,58975,311,3834,123200,30890,117364,90384,1987,85399,6382,149011,993,6342,2632,123310,109971,6912
348,349,53453,160573,165947,1987,189111,4251,64278,6912,123200,6064,25952,170401,94867,109971,67799,85399,71550,38583,117364,123310
349,350,53453,160573,30890,123200,101360,107069,706,49917,85399,58975,109971,4251,94867,123310,134515,30846,90384,6912,165947,25952
350,351,160573,53453,165947,123200,1987,30890,90384,3834,6342,311,117364,6912,58975,131749,25952,123310,5512,6064,118354,2632
351,352,160573,53453,165947,123200,30890,1987,6342,90384,117364,25952,3834,6912,58975,311,85399,131749,2632,123310,6064,118354
352,353,160573,53453,123200,165947,25952,30890,85399,6912,6342,102684,86668,117364,131749,107069,3834,65882,6217,8755,116138,7730
353,354,160573,53453,165947,123200,1987,30890,25952,6342,90384,6912,3834,117364,6064,311,58975,2632,131749,86668,107069,123310
354,355,4384,6912,3691,165947,5512,160573,53453,5974,123310,2481,6064,1987,26965,64278,123200,144352,6858,90384,6342,6962
355,356,160573,53453,165947,123200,1987,30890,25952,6342,3834,117364,90384,6912,131749,6064,311,2632,58975,107069,86668,66335
356,357,160573,53453,165947,123200,1987,30890,25952,6912,6342,90384,3834,117364,6064,58975,131749,311,86668,2632,107069,118354
357,358,30890,25952,159193,110350,182293,7730,107069,6217,6527,167634,160573,179073,26694,6596,30848,131656,123200,7636,165947,151687
358,359,160573,53453,165947,90384,30890,123200,1987,117364,6342,94867,311,58975,123310,3834,3720,109971,5512,159755,85399,118354
359,360,58975,30890,179073,2446,6827,48649,77177,165103,31193,168358,107069,2765,85399,90384,3766,134515,127134,4243,141513,6223
360,361,160573,53453,165947,123200,30890,1987,90384,58975,6342,311,6912,107069,123310,66335,3720,6064,25952,118354,5512,2632
361,362,160573,53453,165947,123200,30890,1987,6342,25952,6912,3834,90384,117364,66335,131749,107069,6064,86668,26694,81535,118354
362,363,160573,311,1987,165947,90384,58975,3859,3720,4710,1978,107449,158874,336,30890,3323,106883,7390,4562,7749,111800
363,364,53453,160573,38583,6382,165947,137863,98799,123200,85399,3834,25952,182293,6217,149011,5391,7065,5699,130452,117364,2725
364,365,160573,53453,123200,1987,30890,6342,6912,3834,25952,90384,117364,66335,86668,311,6064,131749,2632,102684,58975,81535
365,366,53453,160573,30890,123200,1987,58975,165947,90384,107069,109971,311,48649,179073,3720,25952,86668,101360,168218,7065,706
366,367,160573,53453,165947,123200,30890,1987,6342,25952,3834,117364,6912,26694,66335,90384,81535,58975,107069,131749,64278,86668
367,368,160573,53453,165947,123200,1987,30890,25952,6342,117364,3834,6912,90384,6064,311,58975,86668,2632,64278,131749,107069
368,369,160573,53453,165947,123200,1987,30890,25952,3834,311,6342,6912,81535,86668,117364,58975,66335,6064,116138,90384,2632
369,370,160573,53453,165947,1987,58975,311,123200,30890,2632,85399,90384,3834,117364,6912,25952,123310,6064,109971,131749,6342
370,371,53453,160573,30890,165947,26694,25952,107069,179073,123200,118354,6912,6342,66335,131749,81535,7730,57526,6527,92760,6217
371,372,160573,53453,165947,123200,1987,25952,30890,6064,6912,6342,117364,3834,2632,131749,90384,86668,85399,107069,311,158783
372,373,160573,53453,165947,25952,123200,311,3834,58975,1987,86668,131749,30890,85399,2632,117364,102684,6912,107449,149011,6342
373,374,53453,160573,165947,85399,136024,116207,58975,3834,143257,179073,2632,6912,131749,71550,64278,92760,165103,7988,706,143511
374,375,53453,6827,123200,154358,49917,160573,90384,3691,134515,123310,30846,107069,30890,26629,159755,86000,158874,135216,58975,68848
375,376,160573,53453,165947,123200,1987,30890,90384,6342,117364,25952,3834,6912,311,58975,131749,6064,123310,2632,85399,107069
376,377,160573,53453,165947,123200,1987,30890,25952,81535,6912,6342,86668,66335,3834,6064,26694,117364,311,65882,116138,64278
377,378,160573,53453,165947,311,58975,3834,109282,6382,90384,38583,72424,1987,117364,146244,4053,147328,993,119714,30890,6422
378,379,53453,160573,123200,1987,6064,165947,6912,123310,64278,4193,109971,4251,2632,2790,57526,71550,90384,94867,158783,132422
379,380,160573,53453,165947,123200,1987,30890,25952,6912,311,3834,90384,6342,6064,117364,58975,2632,86668,131749,85399,123310
380,381,160573,53453,165947,123200,1987,30890,25952,6342,3834,90384,6912,117364,311,131749,58975,6064,86668,2632,107069,123310
381,382,160573,53453,165947,123200,1987,30890,90384,6342,25952,311,117364,3834,58975,6064,6912,2632,131749,64278,5512,86668
382,383,165947,160573,1987,90384,5512,130498,6858,60538,6342,136958,108540,30890,7206,6962,116505,3720,110350,26347,74089,117364
383,384,160573,53453,123200,165947,311,116138,1987,3323,8617,107449,86668,156607,129011,103502,158783,111800,106883,30890,50158,65882
384,385,160573,53453,165947,123200,1987,30890,25952,6342,90384,117364,3834,311,6064,6912,86668,131749,2632,58975,107069,85399
385,386,160573,53453,165947,85399,58975,3834,117364,311,131749,30890,179073,25952,2632,136024,1987,149011,143257,116207,69860,78620
386,387,160573,53453,165947,123200,1987,30890,25952,6342,90384,6912,117364,3834,311,58975,6064,86668,107069,131749,66335,123310
387,388,160573,53453,165947,98799,156607,38583,137863,136958,172705,102742,6667,81535,8772,8241,123200,111375,100397,3323,114028,31973
388,389,102684,160573,311,31952,2632,165947,53453,123200,136443,2790,40412,4562,6912,107449,86668,5177,1987,6064,58975,116138
389,390,160573,30890,165947,53453,123200,58975,1987,26694,66335,6342,90384,993,64278,107069,25952,81535,179073,149011,117364,467
390,391,160573,53453,165947,123200,1987,30890,25952,6342,90384,6912,58975,6064,117364,64278,3834,311,2632,107069,26694,131749
391,392,81535,26764,64278,97194,49688,171701,6057,74089,68600,147328,109282,30846,25996,4909,142422,84523,993,58975,94070,43333
392,393,160573,53453,165947,123200,1987,6912,90384,6342,30890,3834,25952,117364,6064,102684,311,2632,131749,58975,86668,2481
393,394,58975,53453,160573,165947,119714,311,136024,3834,2521,85399,109282,116207,993,138186,143257,2632,160730,102684,4053,149011
394,395,160573,1987,165947,123200,311,58975,2790,55492,90384,4562,6064,53453,993,81535,111817,66335,86668,158874,158783,2632
395,396,123200,116138,160573,158783,53453,86668,2790,165947,7065,1987,81535,6064,66335,65882,6912,103502,2481,4251,33124,3171
396,397,107069,134515,53453,25952,30890,65350,160573,118354,131749,32302,123200,77,179073,85399,118930,5974,5239,57526,49917,1841
397,398,160573,25952,30890,165947,6342,123200,1987,117364,85399,53453,69860,131749,106883,90384,129011,8755,107069,6064,174681,6386
398,399,160573,53453,165947,3834,38583,170401,117364,75389,1987,72424,102602,111800,85399,311,102742,131749,6382,189111,25952,7988
399,400,160573,53453,123200,165947,66335,30890,6342,1987,65882,116138,25952,5512,81535,8755,107069,136958,26694,3323,159755,131749
400,401,160573,53453,1987,30890,165947,123200,25952,90384,6064,107069,55492,6342,7065,3720,117364,58975,158783,5512,110350,2632
401,402,160573,30890,165947,53453,123200,25952,6342,1987,107069,66335,26694,90384,110350,8755,117364,118354,5512,179073,26347,65882
402,403,53453,160573,5826,123200,49917,8772,6912,8487,165947,126577,116138,81535,25833,123310,4622,132335,4251,476,2462,167570
403,404,53453,160573,123200,165947,6064,6912,1987,4251,158783,64278,57526,2632,2790,4193,2481,123310,81535,25952,86668,116138
404,405,160573,53453,165947,123200,1987,30890,25952,6342,3834,117364,86668,90384,311,6064,6912,116138,158783,2632,58975,7065
405,406,311,160573,169904,81535,129229,156387,6667,74089,42191,165947,2512,66335,52042,142444,58975,3064,132333,107780,136958,993
406,407,53453,160573,26694,179073,30890,165947,81535,706,118354,107069,7047,64278,134515,66335,123200,49917,147328,43333,6912,134041
407,408,160573,53453,165947,123200,1987,3834,25952,6912,311,2632,117364,6064,30890,6342,131749,85399,86668,58975,90384,102684
408,409,160573,53453,123200,165947,1987,30890,25952,6342,90384,6912,117364,3834,86668,116138,6064,158783,2790,4251,7065,2632
409,410,160573,53453,165947,123200,30890,1987,25952,6342,117364,90384,6912,3834,107069,6064,86668,85399,2632,131749,58975,65882
410,411,160573,53453,165947,123200,30890,1987,25952,90384,58975,311,117364,6342,3834,131749,6912,107069,85399,86668,118354,6064
411,412,160573,53453,165947,123200,1987,30890,6912,25952,6342,6064,3834,90384,64278,117364,2632,58975,123310,311,131749,4251
412,413,160573,53453,165947,30890,179073,118354,26694,58975,136958,131749,107069,117364,6342,123200,85399,3834,8755,90384,66335,706
413,414,160573,53453,165947,123200,1987,30890,25952,6342,3834,6912,117364,90384,311,6064,58975,2632,131749,86668,85399,123310
414,415,160573,53453,165947,123200,25952,30890,1987,131749,117364,6912,3834,6342,86668,65882,107069,6064,85399,118354,116138,4251
415,416,53453,160573,123200,1987,165947,158783,116138,6064,4251,2790,6912,126577,311,123310,109971,64278,86668,136297,41627,81535
416,417,53453,160573,165947,123200,6912,3834,81535,4251,116138,38583,6342,117364,2481,130452,25952,26694,85399,64278,706,102684
417,418,53453,160573,123200,165947,6912,30890,6342,25952,107069,123310,1987,706,4251,118354,6064,66335,86668,90384,2632,131749
418,419,160573,53453,165947,123200,1987,30890,6912,90384,311,58975,6342,3834,117364,123310,25952,131749,2632,6064,118354,107069
419,420,160573,53453,165947,30890,123200,1987,90384,6342,117364,25952,58975,3834,85399,6912,131749,118354,107069,123310,179073,2632
420,421,160573,53453,311,165947,3834,6858,72424,7988,40959,116207,107449,117364,136024,168358,3859,58975,6382,4710,90384,85316
421,422,160573,165947,53453,123200,1987,2481,6912,102684,3834,6342,2632,90384,81535,6064,311,2790,117364,58975,66335,25952
422,423,6912,81535,64278,53453,49688,57526,2632,706,160573,134515,165947,4193,49917,179073,107159,71550,6064,30846,26694,86668
423,424,160573,53453,165947,123200,30890,1987,25952,90384,6064,6342,107069,58975,6912,131749,117364,179073,2632,118354,311,86668
424,425,160573,53453,165947,123200,30890,1987,25952,6342,90384,6912,117364,3834,6064,58975,131749,107069,311,2632,86668,123310
425,426,160573,53453,165947,1987,30890,123200,90384,6342,58975,311,117364,25952,3834,3720,5512,8755,107069,6064,149011,2632
426,427,160573,53453,165947,311,6912,3834,2632,64278,1987,131749,58975,6064,71550,123200,85399,4251,116207,179817,117364,123310
427,428,160573,53453,165947,123200,1987,30890,25952,6342,90384,117364,3834,311,6912,131749,58975,6064,2632,85399,86668,107069
428,429,53453,160573,165947,1987,6912,4251,123200,2632,6064,64278,109971,25952,123310,85399,2481,3834,94867,158783,71550,117364
429,430,53453,160573,165947,123200,3834,6912,102684,2481,117364,311,6342,2632,38583,6382,1987,81535,58975,130452,4053,149011
430,431,53453,160573,165947,38583,98799,147328,3834,311,116207,131749,81535,109282,50954,7047,5391,136024,72424,64278,6382,8241
431,432,160573,53453,165947,123200,1987,30890,90384,6342,311,3834,58975,117364,6912,25952,6064,2632,131749,123310,5512,3720
432,433,160573,53453,66335,159755,30890,165947,2331,123200,5512,26694,90384,3720,6342,68848,43333,136958,130452,69495,26347,3691
433,434,160573,53453,165947,123200,1987,30890,25952,6342,90384,117364,3834,6912,311,6064,58975,131749,86668,2632,107069,66335
434,435,53453,160573,123200,6912,4251,116138,165947,5391,126577,123310,706,102684,81535,86668,6382,30846,49917,38583,94867,3834
435,436,160573,53453,123200,165947,1987,25952,30890,6064,6912,6342,90384,86668,158783,2790,116138,2632,311,4251,3834,117364
436,437,160573,53453,165947,123200,30890,1987,25952,6342,90384,107069,6912,117364,6064,131749,86668,3834,118354,85399,66335,2632
437,438,160573,53453,165947,123200,1987,30890,25952,6342,90384,117364,3834,6912,6064,2632,311,131749,85399,58975,86668,107069
438,439,53453,160573,116138,8772,81535,25833,123200,165947,49917,126577,33171,476,172705,6912,65882,26777,5826,89939,86668,4251
439,440,86668,25952,55492,160573,6945,134515,58975,30846,82366,311,40412,4562,6064,53453,2632,72554,49917,7730,1987,134041
440,441,53453,160573,165947,64278,58975,6827,109971,49688,147328,123310,179073,30890,26694,1987,123200,71550,118354,311,706,6912
441,442,114335,86960,118930,107702,8019,8771,7932,87197,132084,163653,174403,108727,3511,8875,2969,3928,4113,85399,4645,3167
442,443,123200,53453,160573,6912,6064,1987,2632,2790,25952,4251,86668,158783,165947,102684,2481,30846,116138,123310,6945,55555
443,444,160573,30890,165947,58975,1987,55492,53453,993,26694,64278,179073,25952,123200,110350,467,66335,81535,149011,90384,136958
444,445,160573,165947,53453,1987,123200,25952,90384,6064,6342,30890,117364,3834,131749,5512,6912,2632,55844,311,2481,2790
445,446,160573,53453,165947,123200,6912,26694,3834,30890,6342,81535,118354,131749,64278,123310,58975,117364,116207,179073,66335,706
446,447,160573,30890,165947,53453,6342,123200,90384,25952,8755,66335,117364,107069,3834,1987,85399,131749,118354,26694,58975,136958
447,448,53453,165947,123200,1987,30890,6912,25952,3834,311,6342,6064,117364,58975,2632,64278,131749,90384,81535,86668,123310
448,449,53453,159755,130452,123200,137863,88697,69495,66335,43333,61210,160573,147328,4473,26694,47254,6342,98799,189713,165947,85025
449,450,160573,53453,165947,1987,6064,4193,58975,311,64278,179073,109971,123200,71550,48326,2632,57526,55492,123310,6912,131749
450,451,160573,123200,1987,53453,30890,58975,165947,993,90384,311,111817,30846,66335,86668,7065,2790,4562,149011,55492,168218
451,452,160573,53453,165947,123200,30890,1987,6342,90384,25952,117364,3834,6912,107069,58975,311,131749,6064,66335,86668,118354
452,453,160573,53453,165947,123200,30890,1987,6342,90384,25952,117364,3834,6912,58975,311,107069,6064,2632,131749,85399,123310
453,454,26694,30890,123200,66335,53453,107069,6342,165947,81535,6912,160573,25952,64278,159755,179073,2481,118354,110350,7730,4926
454,455,160573,53453,165947,1987,64278,123200,102742,81535,26694,38583,109971,98799,147328,7065,6064,137863,4454,7636,158783,3834
455,456,165947,64278,160573,1987,53453,123200,81535,5512,66335,26694,4384,3691,159755,5629,6064,6342,49688,4926,6912,2481
456,457,160573,53453,123200,1987,165947,158783,7065,6064,116138,86668,4251,25952,311,102742,64278,111800,2790,109971,170401,65882
457,458,53453,160573,165947,30890,58975,123200,118354,66335,26694,159755,107069,90384,6342,68848,179073,136958,706,8755,311,3720
458,459,1987,160573,53453,311,109971,58975,165947,55492,3329,94150,6064,4562,123200,6422,1117,26169,158783,2632,41627,176621
459,460,160573,53453,165947,123200,6912,311,81535,3834,58975,86668,116138,1987,2632,131749,126577,706,4251,102684,123310,179817
460,461,160573,311,146244,165947,53453,90384,3720,58975,6422,3859,1987,123200,2512,30890,168846,66335,4710,5938,107449,56060
461,462,160573,53453,165947,123200,30890,1987,25952,6342,90384,117364,58975,3834,6912,311,107069,131749,86668,2632,118354,66335
462,463,102684,53453,160573,119714,6912,108540,2632,3834,165947,58975,5177,123310,2481,160730,90384,85399,311,123200,149011,136024
463,464,160573,53453,165947,123200,1987,30890,25952,6342,3834,117364,6912,2481,6064,2632,86668,66335,311,116138,85399,4251
464,465,160573,53453,165947,123200,1987,30890,25952,6342,90384,6064,6912,66335,58975,81535,26694,107069,64278,86668,311,131749
465,466,160573,53453,165947,123200,1987,25952,30890,6912,6064,2632,90384,311,58975,6342,3834,117364,86668,85399,123310,4251
466,467,158783,116138,86668,81535,97194,142444,2790,123200,160573,68932,82366,1987,55492,4562,179211,136297,60943,311,164647,111800
467,468,53453,160573,123200,118930,4251,102684,6912,38583,85399,94867,116138,165947,3834,117364,137863,123310,6382,6342,58191,65882
468,469,160573,53453,165947,123200,1987,30890,25952,6342,117364,6912,90384,311,6064,86668,58975,131749,2632,85399,107069,4251
469,470,160573,53453,165947,30890,131749,118354,179073,123200,25952,117364,85399,107069,3834,8755,134041,311,1987,58975,6342,3323
470,471,53453,160573,94867,118930,38583,109971,8241,114028,165947,6382,57499,123310,30890,6660,101360,5699,2725,2765,1423,4622
471,472,30890,160573,90384,168218,53453,165947,8755,3720,4243,146244,58975,117364,6342,169982,26347,7440,123200,1987,311,90245
472,473,53453,4384,165947,83796,159755,64278,160573,87197,5512,123310,26694,6912,57499,4926,115727,6342,6568,167570,6557,94867
473,474,160573,53453,165947,123200,1987,30890,6342,3834,90384,6064,117364,311,58975,86668,2632,131749,64278,107069,123310,81535
474,475,160573,53453,165947,123200,1987,30890,25952,6342,90384,6912,6064,3834,117364,58975,2632,86668,311,107069,66335,131749
475,476,160573,53453,165947,123200,81535,6912,3834,1987,2481,6342,64278,311,26694,66335,2632,130452,102684,117364,116138,4053
476,477,160573,53453,165947,123200,1987,30890,25952,6342,90384,6912,3834,117364,6064,311,131749,2632,86668,58975,107069,66335
477,478,179073,184053,92760,7047,6527,140541,57526,26694,159193,7730,53453,134515,50147,121338,98799,118834,6217,5131,64278,6777
478,479,160573,53453,165947,123200,1987,30890,25952,90384,6342,6064,6912,117364,2632,3834,311,2790,86668,58975,4251,158783
479,480,160573,53453,165947,123200,1987,30890,25952,6342,90384,117364,3834,6912,311,6064,131749,58975,2632,85399,86668,107069
480,481,53453,160573,85399,38583,3834,72424,6382,92760,165947,117364,131749,136024,4800,7047,5699,7345,98799,6660,6909,6527
481,482,160573,53453,165947,123200,30890,25952,6342,1987,6912,3834,117364,90384,85399,86668,2632,131749,6064,2481,102684,107069
482,483,160573,53453,165947,123200,1987,30890,25952,6342,3834,6912,117364,90384,311,58975,6064,2632,64278,131749,86668,123310
483,484,160573,53453,165947,123200,1987,30890,25952,6342,6912,3834,117364,90384,6064,2632,86668,131749,58975,311,85399,107069
484,485,160573,53453,165947,123200,1987,311,81535,116138,158783,38583,3834,7065,102742,2790,137863,6382,111800,86668,94150,126577
485,486,53453,160573,123200,165947,6912,123310,1987,4251,109971,94867,6064,311,2632,64278,90384,58975,126577,179817,2790,116138
486,487,160573,30890,25952,53453,165947,123200,8755,3323,65882,129011,156607,8617,86668,107069,106883,131749,7065,6217,117364,7730
487,488,160573,53453,165947,1987,123200,311,58975,64278,90384,3834,2632,30890,6064,117364,6342,6912,25952,109971,123310,4053
488,489,160573,53453,165947,123200,1987,30890,25952,6912,6342,3834,90384,6064,117364,2632,131749,311,58975,86668,85399,123310
489,490,160573,53453,165947,30890,123200,1987,90384,6342,107069,25952,118354,131749,117364,3720,5512,8755,58975,179073,6064,6912
490,491,160573,53453,165947,6912,2481,123200,81535,102684,2632,3834,6064,64278,1987,123310,4251,6342,2790,7988,116207,311
491,492,160573,53453,165947,123200,1987,30890,6912,6342,90384,25952,3834,123310,117364,6064,2632,64278,131749,58975,107069,118354
492,493,160573,165947,30890,53453,1987,5512,179073,6342,90384,107069,25952,26694,118354,123200,110350,64278,3720,131749,48326,136958
493,494,160573,53453,165947,311,168358,100397,116207,6827,4710,3834,72424,94867,111375,5244,38583,58975,3720,6858,7988,109971
494,495,160573,53453,165947,123200,1987,30890,25952,6912,6342,90384,3834,117364,311,58975,6064,2632,86668,131749,123310,85399
495,496,6912,53453,6064,64278,2481,123200,2632,1987,160573,165947,123310,4251,5974,71550,57526,4384,49688,26965,108192,25952
496,497,6912,53453,25952,160573,102684,2632,85399,123200,6064,4251,2481,6945,165947,123310,57526,706,134515,86668,71550,69860
497,498,160573,53453,30890,165947,58975,123200,993,1987,311,26694,66335,147328,64278,3064,81535,467,136958,90384,109971,2725
498,499,31952,160573,182297,165947,53453,81535,2419,129011,123200,6667,6858,4580,116138,6912,107449,8987,100397,33649,33171,66335
499,500,160573,53453,30890,165947,6342,123200,90384,107069,6912,159755,66335,118354,26694,117364,85399,123310,1987,25952,5512,3691
500,501,53453,123200,158783,160573,6912,4251,64278,25952,7065,6064,170939,57526,2481,165947,1987,3492,6604,3171,189111,4454
501,502,53453,160573,30890,134515,107069,65882,118354,8772,107846,49917,8755,131749,51884,123200,135216,77,179073,129011,66335,165947
502,503,53453,160573,165947,123200,1987,6912,64278,81535,123310,6064,2632,3834,4251,6342,311,58975,26694,30890,109971,25952
503,504,160573,53453,123200,165947,1987,30890,90384,6912,6064,86668,25952,6342,2790,107069,116138,311,123310,58975,3691,2632
504,505,160573,53453,6064,165947,1987,57526,6912,4193,158783,123200,111800,64278,65350,25952,48326,131749,71550,121097,4251,2632
505,506,160573,53453,165947,123200,137863,38583,88697,30890,1987,311,6382,78264,130452,146244,5938,66335,98799,2725,116138,91386
506,507,160573,165947,53453,107449,123200,129011,31952,311,90384,6858,3834,1987,6342,3323,131749,3720,55844,3859,66335,5512
507,508,2623,85399,31367,78620,4645,69860,25952,117364,26303,2820,6909,1460,3400,160573,5202,6386,8771,121469,959,96975
508,509,160573,53453,165947,123200,1987,30890,25952,6912,90384,6342,58975,311,6064,3834,117364,2632,86668,107069,131749,123310
509,510,160573,53453,165947,1987,123200,64278,311,6064,109971,2632,58975,25952,3834,117364,158783,30890,6912,90384,94150,4251
510,511,160573,165947,1987,3834,311,78034,53453,6858,74089,81535,111800,7988,72424,2481,4053,60538,136958,123200,117364,6342
511,512,160573,1987,165947,53453,6064,111800,123200,25952,311,106883,158783,55492,90384,107449,2790,2632,48326,86668,131749,55844
512,513,53453,160573,123200,134515,86668,49917,30846,65882,706,116138,25952,30890,165947,57526,6020,107069,7730,4251,179073,81535
513,514,160573,53453,165947,123200,1987,30890,90384,25952,6342,117364,311,3834,58975,6064,6912,2632,86668,2790,149011,66335
514,515,53453,160573,165947,8772,123200,6912,116138,476,25833,4251,49917,6064,70946,131749,4193,126577,107449,8487,57526,81535
515,516,31952,129011,6386,102684,5333,25952,50158,1659,160573,2623,164200,182297,69860,6858,107449,106883,105325,70728,8928,2481
516,517,160573,53453,165947,123200,1987,3834,30890,6912,6342,117364,25952,131749,311,90384,6064,2632,64278,81535,123310,26694
517,518,160573,1987,53453,90384,151769,165947,123200,3691,5512,3720,146244,6962,311,47254,134783,108540,158874,7440,94150,2331
518,519,160573,130452,72424,3834,6342,165947,136958,117364,6858,90245,53453,2204,66335,38583,88697,123200,116505,69495,2481,2331
519,520,160573,53453,165947,123200,1987,6912,30890,25952,6064,6342,3834,86668,2632,131749,311,90384,117364,81535,4251,58975
520,521,30890,53453,160573,107069,179073,6827,90384,58975,118354,109971,2765,4243,165947,48649,3720,51884,94867,123310,30848,101360
521,522,160573,53453,165947,123200,1987,30890,90384,6912,6342,25952,6064,3834,117364,58975,311,123310,2632,107069,86668,131749
522,523,160573,53453,123200,165947,1987,6064,6912,4251,2632,2790,158783,25952,311,90384,116138,86668,123310,102684,3834,2481
523,524,160573,53453,165947,123200,1987,25952,6912,30890,3834,4251,117364,6064,311,86668,2632,6342,85399,116138,90384,58975
524,525,160573,53453,165947,123200,1987,30890,25952,6342,90384,6912,3834,117364,58975,311,6064,131749,86668,2632,107069,123310
525,526,53453,160573,165947,1987,123200,109971,30890,58975,64278,147328,90384,88697,311,993,159755,2725,137863,94150,6382,5512
526,527,160573,53453,165947,123200,1987,30890,3834,117364,311,25952,6342,90384,6912,58975,131749,86668,85399,116138,2632,6064
527,528,160573,53453,165947,123200,30890,66335,26694,81535,159755,6342,1987,64278,6912,107069,58975,90384,43333,5512,123310,65882
528,529,81535,123200,66335,164647,116138,33124,60943,86668,4198,26694,2481,160573,158783,33171,3822,2790,6667,30846,5629,165947
529,530,160573,165947,156607,3323,53453,136958,123200,106883,6667,25952,111800,81535,129011,1987,8617,158783,116138,86668,102742,7065
530,531,119714,102684,96471,90384,160573,108540,4490,7440,123200,993,149011,3834,6797,2521,71970,6342,1604,117364,30890,53453
531,532,160573,123200,53453,30890,66335,65882,165947,116138,107069,159755,6342,86668,27820,8755,103502,25952,26694,137863,3691,81535
532,533,160573,25952,165947,6386,129011,85399,31952,53453,131749,102684,3834,117364,69860,107449,123200,6342,50158,30890,6912,6858
533,534,160573,53453,165947,123200,1987,30890,25952,6912,6342,90384,3834,6064,117364,311,86668,58975,2632,131749,107069,123310
534,535,72424,159779,27683,6858,51933,130452,6273,136958,47725,2331,82857,73488,90245,102602,6342,2204,8402,69495,6667,3834
535,536,6217,25952,7730,53453,123200,116138,86668,160573,6020,65882,72601,7065,6945,4251,6912,85399,134515,3171,97024,158783
536,537,160573,123200,102684,53453,31952,165947,90384,103502,116138,3691,1987,311,107449,2462,2790,50158,3859,126577,6342,54785
537,538,30890,53453,160573,107069,165947,123200,159755,6342,110350,5512,26347,118354,118930,179073,3648,1987,90384,26694,57499,69495
538,539,160573,53453,123200,165947,30890,90384,66335,6342,58975,1987,159755,102684,3834,993,149011,117364,311,116138,3691,30846
539,540,30890,160573,123200,107069,53453,8755,165947,25952,168218,66335,65882,110350,26347,4243,6342,30848,7065,27820,69495,159755
540,541,160573,53453,165947,1987,30890,123200,117364,90384,3834,311,6342,58975,25952,85399,131749,149011,8755,3720,2632,118354
541,542,160573,53453,165947,123200,1987,6342,90384,30890,3834,117364,6912,25952,6064,131749,2632,311,5512,2481,66335,123310
542,543,160573,53453,165947,25952,1987,123200,30890,85399,6064,6912,90384,2632,117364,107069,6342,4251,131749,179073,86668,123310
543,544,80094,6912,60943,2481,64278,81535,1656,6064,49688,123200,6400,107159,4926,193573,170939,108192,57526,8656,26764,33124
544,545,66335,159755,189713,61210,85025,123200,60363,54934,3691,105325,26694,43333,130452,4926,8782,5629,81535,6342,69495,2331
545,546,160573,53453,165947,58975,30890,123200,66335,311,81535,26694,3834,118354,131749,6342,90384,116207,6912,107449,706,136958
546,547,30890,107069,134515,160573,7730,65882,25952,118354,66335,8755,129011,123200,53453,6342,131749,26694,77,6217,6527,165947
547,548,160573,53453,165947,129011,131749,116138,107449,31952,156607,123200,6386,8772,6912,8617,182297,3323,86668,25952,3834,50158
548,549,53453,160573,1987,165947,64278,57499,109971,5512,3720,49688,123200,77233,8225,41627,70946,132422,26169,4454,6827,111800
549,550,53453,160573,311,40959,1987,109971,5244,165947,6422,94867,175401,137345,7615,6382,74342,67799,7345,168358,4710,7988
550,551,160573,53453,165947,123200,1987,6912,3834,6342,30890,81535,90384,311,117364,58975,66335,26694,131749,123310,2632,25952
551,552,160573,53453,165947,123200,1987,30890,25952,6342,90384,6912,117364,3834,6064,107069,2632,64278,58975,131749,26694,123310
552,553,160573,53453,165947,123200,1987,6912,25952,30890,64278,6064,131749,179073,6342,118354,2632,123310,117364,71550,85399,107069
553,554,160573,53453,165947,123200,30890,6342,66335,25952,65882,8755,107069,131749,1987,86668,90384,3834,116138,117364,6912,129011
554,555,160573,53453,165947,123200,1987,30890,6342,25952,3834,90384,311,117364,6912,58975,6064,2632,131749,86668,123310,64278
555,556,81535,160573,66335,165947,123200,26694,43333,53453,6667,136958,4198,130452,147328,5629,164647,64278,2172,3064,161290,98799
556,557,160573,85399,117364,53453,3834,165947,72424,69860,30890,186587,38583,25952,136024,6527,6342,149011,6382,3906,78620,130452
557,558,53453,160573,165947,6342,30890,123200,159755,90384,117364,94867,3834,123310,118354,6912,5512,130452,3648,85399,107069,26694
558,559,160573,53453,165947,123200,30890,1987,25952,58975,117364,6342,3834,6912,90384,311,85399,2632,86668,131749,6064,107069
559,560,160573,53453,165947,123200,1987,30890,25952,6342,6912,3834,117364,90384,6064,131749,2632,311,86668,85399,107069,123310
560,561,160573,53453,165947,123200,1987,30890,25952,6342,3834,117364,6912,90384,311,6064,58975,131749,2632,86668,85399,66335
561,562,160573,53453,165947,123200,1987,30890,90384,6342,117364,3834,25952,6912,311,58975,131749,6064,2632,123310,85399,107069
562,563,160573,53453,165947,123200,1987,30890,6342,25952,6912,90384,6064,3834,66335,117364,86668,81535,107069,2632,116138,311
563,564,160573,53453,165947,123200,1987,30890,25952,117364,3834,311,6342,90384,86668,131749,6064,6912,58975,2632,85399,8755
564,565,160573,30890,53453,1987,165947,7065,168218,123200,151687,3329,7636,25952,55492,102742,110350,2725,58975,107069,2190,179073
565,566,160573,53453,123200,165947,6912,116138,86668,4251,102684,25952,1987,2632,6064,3834,311,30890,65882,126577,2790,706
566,567,160573,53453,165947,123200,1987,30890,25952,90384,6342,6064,6912,86668,58975,2632,117364,311,107069,3834,2790,66335
567,568,1987,30890,160573,123200,90384,53453,111817,58975,55492,158874,165947,132422,151769,168218,7440,3720,151687,107069,109971,5512
568,569,53453,160573,179073,109971,134041,165947,4193,48649,58975,71550,85399,5699,2725,6382,57526,8241,706,311,64278,131749
569,570,160573,53453,165947,123200,1987,30890,25952,6342,6912,3834,90384,117364,6064,131749,86668,311,2632,58975,107069,85399
570,571,160573,53453,165947,30890,90384,117364,58975,311,85399,6342,25952,3720,3834,8755,123200,118354,131749,179073,107069,4243
571,572,160573,53453,165947,123200,1987,30890,6342,25952,117364,3834,90384,6912,131749,6064,311,107069,85399,123310,86668,118354
572,573,160573,53453,165947,123200,1987,30890,25952,6342,6912,3834,90384,117364,311,6064,131749,86668,58975,2632,107069,123310
573,574,53453,160573,123200,165947,47254,1987,159755,5512,118930,58191,3691,38583,60303,90384,137863,6342,189111,94867,151769,6962
574,575,66335,123200,27820,159755,61210,30890,3691,130083,34530,65882,6720,135216,54934,26694,107069,81535,103502,164647,5512,161290
575,576,53453,64278,160573,102742,165947,4454,1987,7636,49688,147328,98799,1117,77233,2172,78160,81535,8225,109971,137863,5391
576,577,160573,53453,165947,123200,1987,30890,25952,6342,90384,6912,3834,117364,6064,311,86668,58975,2632,131749,107069,66335
577,578,123200,116138,6217,30846,65882,86668,8989,30890,53453,7730,137863,66335,91386,27820,160573,97024,6020,146682,5443,25952
578,579,160573,165947,53453,1987,25952,311,58975,2632,6064,131749,55492,123200,3834,30890,179073,64278,117364,85399,6912,48326
579,580,160573,53453,165947,123200,1987,30890,25952,6912,311,3834,90384,117364,58975,86668,6064,131749,107069,2632,66335,81535
580,581,160573,123200,53453,1987,165947,3691,90384,2790,6064,158783,30890,5512,116138,3720,151769,86668,159755,132422,7065,4251
581,582,160573,53453,165947,1987,30890,123200,90384,7065,117364,3720,102742,25952,109971,5512,107069,170401,6342,38583,26347,137863
582,583,53453,30890,160573,179073,107069,58975,134515,165947,118354,706,6827,123200,109971,49917,4193,48649,90384,123310,134041,71550
583,584,160573,53453,165947,123200,1987,3834,25952,117364,131749,30890,6912,38583,311,85399,4251,6342,6382,118354,6064,86668
584,585,160573,165947,53453,25952,131749,3834,117364,85399,30890,129011,123200,6342,106883,3323,100397,136958,107449,1987,6386,156607
585,586,160573,53453,165947,123200,1987,30890,6912,25952,6342,90384,6064,3834,117364,131749,311,86668,2632,58975,123310,107069
586,587,160573,53453,165947,123200,30890,1987,6342,90384,25952,117364,6912,3834,107069,66335,58975,131749,118354,86668,85399,123310
587,588,123200,160573,1987,53453,165947,6064,6912,2481,2790,2632,90384,25952,3691,6342,102684,30890,108540,86668,123310,66335
588,589,53453,160573,123200,165947,81535,6912,26694,64278,66335,43333,159755,6342,123310,30890,7047,130452,706,147328,2481,107069
589,590,160573,53453,165947,123200,1987,30890,25952,6342,90384,117364,6912,3834,6064,131749,2632,58975,107069,86668,311,85399
590,591,53453,160573,165947,123200,90384,30890,94867,6382,38583,117364,311,1987,109971,123310,3834,58975,160848,6342,47254,85399
591,592,160573,53453,165947,123200,30890,3834,90384,311,117364,6342,102684,1987,25952,58975,107449,85399,86668,131749,8755,6912
592,593,160573,53453,165947,123200,30890,25952,117364,85399,6342,1987,3834,90384,6912,102684,2632,131749,107069,149011,86668,2481
593,594,160573,53453,165947,123200,1987,25952,6912,30890,6342,6064,2481,3834,81535,2632,64278,117364,86668,90384,66335,26694
594,595,53453,160573,165947,6912,123310,6827,168358,116207,6568,123200,68848,81535,118354,99721,5826,159755,66335,184987,6858,94867
595,596,160573,53453,165947,123200,1987,30890,90384,6342,25952,6912,58975,311,3834,6064,117364,2632,131749,123310,86668,107069
596,597,160573,53453,165947,123200,1987,30890,25952,6342,90384,117364,6912,3834,58975,311,6064,2632,86668,131749,85399,107069
597,598,53453,160573,85399,6912,4251,7047,165947,64278,25952,71550,5699,57526,2632,38583,179073,3834,1837,115727,92760,94867
598,599,160573,53453,165947,123200,1987,30890,25952,117364,6342,3834,90384,6912,311,6064,58975,2632,131749,85399,86668,107069
599,600,160573,53453,165947,123200,30890,1987,90384,6342,25952,117364,58975,3834,6912,311,107069,6064,2632,66335,131749,123310
600,601,160573,53453,165947,123200,6912,1987,3834,25952,6342,81535,131749,30890,117364,116138,86668,6064,2481,66335,4251,311
601,602,160573,53453,165947,30890,123200,1987,25952,6342,117364,90384,85399,3834,58975,6912,2632,311,131749,149011,6064,107069
602,603,160573,53453,165947,123200,1987,30890,6342,25952,90384,6912,6064,117364,2632,3834,58975,123310,64278,107069,311,131749
603,604,160573,53453,165947,123200,30890,1987,25952,6342,86668,90384,6912,66335,3834,6064,117364,102684,81535,131749,58975,8755
604,605,160573,53453,165947,123200,1987,30890,25952,90384,6342,6064,6912,58975,107069,117364,2632,3834,66335,86668,131749,311
605,606,160573,53453,165947,123200,1987,25952,6342,6912,90384,117364,3834,6064,131749,2632,58975,311,107069,86668,66335,123310
606,607,160573,53453,165947,123200,1987,30890,25952,3834,117364,6342,6912,90384,6064,311,131749,2632,85399,58975,86668,123310
607,608,160573,53453,165947,123200,1987,30890,25952,6912,6342,90384,6064,3834,117364,311,86668,2632,58975,131749,123310,107069
608,609,53453,160573,6912,81535,123200,116138,4251,5391,165947,126577,89939,64278,123310,49917,107159,3822,25833,31424,132335,476
609,610,160573,53453,165947,123200,1987,30890,25952,6342,6912,3834,117364,90384,311,6064,86668,131749,2632,85399,123310,4251
